{"cameraMode":{"drawMode":0,"name":"Shaded","section":"Shading Mode"},"sceneLighting":false,"audioPlay":false,"sceneViewState":{"m_AlwaysRefresh":false,"showFog":true,"showSkybox":false,"showFlares":true,"showImageEffects":true,"showParticleSystems":true,"showVisualEffectGraphs":true,"m_FxEnabled":true},"in2DMode":false,"pivot":{"x":-1.719875693321228,"y":0.6294205188751221,"z":-0.053050246089696887},"rotation":{"x":0.003798512741923332,"y":0.9961747527122498,"z":-0.06615202128887177,"w":0.057144057005643848},"size":0.9611589312553406,"orthographic":false}