{"cameraMode":{"drawMode":0,"name":"Shaded","section":"Shading Mode"},"sceneLighting":false,"audioPlay":false,"sceneViewState":{"m_AlwaysRefresh":false,"showFog":true,"showSkybox":false,"showFlares":true,"showImageEffects":true,"showParticleSystems":true,"showVisualEffectGraphs":true,"m_FxEnabled":true},"in2DMode":false,"pivot":{"x":-1.2116029262542725,"y":0.5975475907325745,"z":-0.28701072931289675},"rotation":{"x":0.021266255527734758,"y":0.7313300371170044,"z":0.02281142584979534,"w":-0.68132084608078},"size":2.7234983444213869,"orthographic":false}