{"cameraMode":{"drawMode":0,"name":"Shaded","section":"Shading Mode"},"sceneLighting":false,"audioPlay":false,"sceneViewState":{"m_AlwaysRefresh":false,"showFog":true,"showSkybox":false,"showFlares":true,"showImageEffects":true,"showParticleSystems":true,"showVisualEffectGraphs":true,"m_FxEnabled":true},"in2DMode":false,"pivot":{"x":1.6188547611236573,"y":-0.3644234240055084,"z":-1.3869080543518067},"rotation":{"x":0.0011317780008539558,"y":0.9723997116088867,"z":-0.004673446994274855,"w":0.23331747949123383},"size":2.895332098007202,"orthographic":false}