{"cameraMode":{"drawMode":0,"name":"Shaded","section":"Shading Mode"},"sceneLighting":false,"audioPlay":false,"sceneViewState":{"m_AlwaysRefresh":false,"showFog":true,"showSkybox":false,"showFlares":true,"showImageEffects":true,"showParticleSystems":true,"showVisualEffectGraphs":true,"m_FxEnabled":true},"in2DMode":false,"pivot":{"x":0.9767568707466126,"y":-0.15726463496685029,"z":-0.19542653858661652},"rotation":{"x":0.09072747081518173,"y":0.6967077255249023,"z":-0.08952678740024567,"w":0.7059533596038818},"size":1.5284006595611573,"orthographic":false}