{"cameraMode":{"drawMode":0,"name":"Shaded","section":"Shading Mode"},"sceneLighting":false,"audioPlay":false,"sceneViewState":{"m_AlwaysRefresh":false,"showFog":true,"showSkybox":false,"showFlares":true,"showImageEffects":true,"showParticleSystems":true,"showVisualEffectGraphs":true,"m_FxEnabled":true},"in2DMode":false,"pivot":{"x":-0.0026294589042663576,"y":0.3485955595970154,"z":0.15942621231079102},"rotation":{"x":-0.1324818879365921,"y":0.6811712980270386,"z":-0.12734289467334748,"w":-0.7086966037750244},"size":1.1015931367874146,"orthographic":false}